{"pub/_fe_analyzer_shared": "3.0.0", "pub/analyzer": "0.39.8", "pub/args": "1.6.0", "pub/async": "2.4.1", "pub/build": "1.2.2", "pub/charcode": "1.1.3", "pub/collection": "1.14.12", "pub/convert": "2.1.1", "pub/crypto": "2.1.4", "pub/csslib": "0.16.1", "pub/glob": "1.2.0", "pub/html": "0.14.0+3", "pub/js": "0.6.1+1", "pub/logging": "0.11.4", "pub/meta": "1.1.8", "pub/node_interop": "1.0.3", "pub/node_io": "1.0.1+2", "pub/package_config": "1.9.3", "pub/path": "1.7.0", "pub/pedantic": "1.9.0", "pub/pub_semver": "1.4.4", "pub/source_span": "1.7.0", "pub/string_scanner": "1.0.5", "pub/term_glyph": "1.1.0", "pub/typed_data": "1.1.6", "pub/watcher": "0.9.7+15", "pub/yaml": "2.2.1"}
{"pub/json_annotation": "3.0.1"}
{"pub/base_x": "1.0.1", "pub/bs58": "1.0.1", "pub/hash": "1.0.3", "pub/pointycastle": "1.0.2"}
{"pub/bloc": "4.0.0", "pub/meta": "1.1.8"}
-
-
-
{}
{"pub/base58check": "1.0.1", "pub/bech32": "0.1.2", "pub/charcode": "1.1.3", "pub/collection": "1.14.12", "pub/convert": "2.1.1", "pub/crypto": "2.1.4", "pub/equatable": "1.1.1", "pub/meta": "1.1.8", "pub/typed_data": "1.1.6"}
{}
{"pub/body_parser": "1.1.1", "pub/charcode": "1.1.3", "pub/collection": "1.14.12", "pub/dart2_constant": "1.0.2+dart2", "pub/dio": "3.0.9", "pub/emodebug": "0.4.0", "pub/extra_pedantic": "1.2.0", "pub/http_parser": "3.1.4", "pub/http_server": "0.9.8+3", "pub/iso": "0.3.0", "pub/isohttpd": "0.4.0", "pub/meta": "1.1.8", "pub/mime": "0.9.6+3", "pub/path": "1.7.0", "pub/pedantic": "1.9.0", "pub/source_span": "1.7.0", "pub/string_scanner": "1.0.5", "pub/term_glyph": "1.1.0", "pub/typed_data": "1.1.6"}
{}
{"pub/charcode": "1.1.3", "pub/collection": "1.14.12", "pub/http": "0.12.1", "pub/http_parser": "3.1.4", "pub/meta": "1.1.8", "pub/path": "1.7.0", "pub/pedantic": "1.9.0", "pub/source_span": "1.7.0", "pub/string_scanner": "1.0.5", "pub/term_glyph": "1.1.0", "pub/typed_data": "1.1.6"}
{}
{"pub/ffi": "0.1.3", "pub/meta": "1.1.8"}
{"pub/ffi": "0.1.3", "pub/meta": "1.1.8"}
{"pub/angel_container": "1.1.0", "pub/angel_framework": "2.1.1", "pub/angel_http_exception": "1.1.0", "pub/angel_model": "1.0.3", "pub/angel_route": "3.1.0+1", "pub/async": "2.4.1", "pub/bson": "0.3.2", "pub/charcode": "1.1.3", "pub/code_buffer": "1.0.1", "pub/collection": "1.14.12", "pub/combinator": "1.1.0", "pub/convert": "2.1.1", "pub/crypto": "2.1.4", "pub/dart2_constant": "1.0.2+dart2", "pub/file": "5.1.0", "pub/fixnum": "0.10.11", "pub/googleapis_auth": "0.2.11+1", "pub/grpc": "2.1.3", "pub/http": "0.12.1", "pub/http2": "1.0.0", "pub/http_parser": "3.1.4", "pub/http_server": "0.9.8+3", "pub/intl": "0.16.1", "pub/logging": "0.11.4", "pub/matcher": "0.12.6", "pub/merge_map": "1.0.2", "pub/meta": "1.1.8", "pub/mime": "0.9.6+3", "pub/mock_request": "1.0.7", "pub/mongo_dart": "0.4.0", "pub/mongo_dart_query": "0.4.1", "pub/more": "1.18.2", "pub/mustache4dart2": "0.1.0", "pub/path": "1.7.0", "pub/pedantic": "1.9.0", "pub/pip_services3_commons": "1.0.6", "pub/pip_services3_components": "1.0.5", "pub/pip_services3_container": "1.0.0", "pub/pip_services3_data": "1.0.2", "pub/pip_services3_grpc": "1.0.0", "pub/pip_services3_mongodb": "1.0.2", "pub/pip_services3_rpc": "1.0.2", "pub/pool": "1.4.0", "pub/protobuf": "1.0.1", "pub/quiver": "2.1.3", "pub/quiver_hashcode": "2.0.0", "pub/recase": "2.0.1", "pub/source_span": "1.7.0", "pub/sprintf": "4.0.2", "pub/stack_trace": "1.9.3", "pub/string_scanner": "1.0.5", "pub/term_glyph": "1.1.0", "pub/tuple": "1.0.3", "pub/typed_data": "1.1.6", "pub/uuid": "2.0.4", "pub/yaml": "2.2.1"}
{"pub/analysis_server_lib": "0.1.9", "pub/analyzer": "0.32.6", "pub/args": "1.6.0", "pub/async": "2.4.1", "pub/charcode": "1.1.3", "pub/cli_util": "0.1.3+2", "pub/collection": "1.14.12", "pub/convert": "2.1.1", "pub/crypto": "2.1.4", "pub/csslib": "0.16.1", "pub/front_end": "0.1.4+2", "pub/glob": "1.2.0", "pub/html": "0.14.0+3", "pub/intl": "0.15.8", "pub/js": "0.6.1+1", "pub/kernel": "0.3.4+2", "pub/logging": "0.11.4", "pub/meta": "1.1.8", "pub/node_interop": "1.0.3", "pub/node_io": "1.0.1+2", "pub/package_config": "1.9.3", "pub/path": "1.7.0", "pub/pedantic": "1.9.0", "pub/plugin": "0.2.0+3", "pub/source_span": "1.7.0", "pub/string_scanner": "1.0.5", "pub/term_glyph": "1.1.0", "pub/typed_data": "1.1.6", "pub/watcher": "0.9.7+15", "pub/yaml": "2.2.1"}
{"pub/_fe_analyzer_shared": "3.0.0", "pub/analyzer": "0.39.8", "pub/args": "1.6.0", "pub/async": "2.4.1", "pub/build": "1.2.2", "pub/build_config": "0.4.2", "pub/charcode": "1.1.3", "pub/checked_yaml": "1.0.2", "pub/collection": "1.14.12", "pub/convert": "2.1.1", "pub/crypto": "2.1.4", "pub/csslib": "0.16.1", "pub/dart_style": "1.3.6", "pub/dartemis": "0.8.0", "pub/glob": "1.2.0", "pub/html": "0.14.0+3", "pub/js": "0.6.1+1", "pub/json_annotation": "3.0.1", "pub/logging": "0.11.4", "pub/meta": "1.1.8", "pub/node_interop": "1.0.3", "pub/node_io": "1.0.1+2", "pub/package_config": "1.9.3", "pub/path": "1.7.0", "pub/pedantic": "1.9.0", "pub/pub_semver": "1.4.4", "pub/pubspec_parse": "0.1.5", "pub/source_gen": "0.9.5", "pub/source_span": "1.7.0", "pub/string_scanner": "1.0.5", "pub/term_glyph": "1.1.0", "pub/typed_data": "1.1.6", "pub/watcher": "0.9.7+15", "pub/yaml": "2.2.1"}
{"pub/collection": "1.14.12", "pub/meta": "1.1.8"}
{"pub/auth_header": "2.1.4", "pub/charcode": "1.1.3", "pub/collection": "1.14.12", "pub/convert": "2.1.1", "pub/crypto": "2.1.4", "pub/http_server": "0.9.8+3", "pub/jaguar_jwt": "2.1.6", "pub/meta": "1.1.8", "pub/mime": "0.9.6+3", "pub/path": "1.7.0", "pub/source_span": "1.7.0", "pub/string_scanner": "1.0.5", "pub/term_glyph": "1.1.0", "pub/typed_data": "1.1.6", "pub/yaml": "2.2.1"}
{"pub/logging": "0.11.4"}
{"pub/charcode": "1.1.3", "pub/collection": "1.14.12", "pub/convert": "2.1.1", "pub/crypto": "2.1.4", "pub/http": "0.12.1", "pub/http_parser": "3.1.4", "pub/meta": "1.1.8", "pub/oauth1_client": "1.0.0", "pub/path": "1.7.0", "pub/pedantic": "1.9.0", "pub/source_span": "1.7.0", "pub/string_scanner": "1.0.5", "pub/term_glyph": "1.1.0", "pub/typed_data": "1.1.6"}
{}
{"pub/base32": "1.1.1", "pub/bech32": "0.1.2", "pub/built_collection": "4.3.2", "pub/built_value": "7.1.0", "pub/charcode": "1.1.3", "pub/collection": "1.14.12", "pub/convert": "2.1.1", "pub/dio": "3.0.9", "pub/equatable": "1.1.1", "pub/fixnum": "0.10.11", "pub/http": "0.12.1", "pub/http_parser": "3.1.4", "pub/matcher": "0.12.6", "pub/meta": "1.1.8", "pub/msgpack_dart": "0.0.7", "pub/path": "1.7.0", "pub/pedantic": "1.9.0", "pub/pinenacl": "0.1.2", "pub/pointycastle": "1.0.2", "pub/quiver": "2.1.3", "pub/source_span": "1.7.0", "pub/stack_trace": "1.9.3", "pub/string_scanner": "1.0.5", "pub/term_glyph": "1.1.0", "pub/typed_data": "1.1.6"}
{}
{"pub/collection": "1.14.12", "pub/colorize": "2.0.0", "pub/fixnum": "0.10.11", "pub/logging": "0.11.4", "pub/matcher": "0.12.6", "pub/meta": "1.1.8", "pub/path": "1.7.0", "pub/raw": "0.2.0", "pub/stack_trace": "1.9.3"}
{"pub/_fe_analyzer_shared": "3.0.0", "pub/analyzer": "0.39.8", "pub/args": "1.6.0", "pub/async": "2.4.1", "pub/charcode": "1.1.3", "pub/collection": "1.14.12", "pub/convert": "2.1.1", "pub/crypto": "2.1.4", "pub/csslib": "0.16.1", "pub/glob": "1.2.0", "pub/html": "0.14.0+3", "pub/js": "0.6.1+1", "pub/meta": "1.1.8", "pub/node_interop": "1.0.3", "pub/node_io": "1.0.1+2", "pub/package_config": "1.9.3", "pub/path": "1.7.0", "pub/pedantic": "1.9.0", "pub/pub_semver": "1.4.4", "pub/source_span": "1.7.0", "pub/string_scanner": "1.0.5", "pub/term_glyph": "1.1.0", "pub/typed_data": "1.1.6", "pub/watcher": "0.9.7+15", "pub/yaml": "2.2.1"}
{"pub/meta": "1.1.8"}
{}
{}
{"pub/incremental_dom_bindings": "1.0.0+1", "pub/logging": "0.11.4"}
{}
{"pub/matcher": "0.12.6", "pub/meta": "1.1.8", "pub/path": "1.7.0", "pub/quiver": "2.1.3", "pub/stack_trace": "1.9.3"}
{"pub/analyzer": "0.38.5", "pub/args": "1.6.0", "pub/async": "2.4.1", "pub/boolean_selector": "1.0.5", "pub/charcode": "1.1.3", "pub/collection": "1.14.12", "pub/convert": "2.1.1", "pub/cookie_jar": "1.0.1", "pub/coverage": "0.12.4", "pub/crypto": "2.1.4", "pub/csslib": "0.16.1", "pub/dio": "3.0.10", "pub/dio_cookie_manager": "1.0.0", "pub/dio_http2_adapter": "1.0.0", "pub/front_end": "0.1.27", "pub/glob": "1.2.0", "pub/html": "0.14.0+3", "pub/http": "0.12.1", "pub/http2": "1.0.0", "pub/http_multi_server": "2.2.0", "pub/http_parser": "3.1.4", "pub/io": "0.3.4", "pub/js": "0.6.1+1", "pub/json_annotation": "3.0.1", "pub/json_rpc_2": "2.1.1", "pub/kernel": "0.3.27", "pub/lcov": "5.7.0", "pub/logging": "0.11.4", "pub/matcher": "0.12.5", "pub/meta": "1.1.8", "pub/mime": "0.9.6+3", "pub/multi_server_socket": "1.0.2", "pub/node_interop": "1.0.3", "pub/node_io": "1.0.1+2", "pub/node_preamble": "1.4.8", "pub/package_config": "1.9.3", "pub/package_resolver": "1.0.10", "pub/path": "1.7.0", "pub/pedantic": "1.9.0", "pub/pool": "1.4.0", "pub/pub_semver": "1.4.4", "pub/shelf": "0.7.5", "pub/shelf_packages_handler": "1.0.4", "pub/shelf_static": "0.2.8", "pub/shelf_web_socket": "0.2.3", "pub/source_map_stack_trace": "1.1.5", "pub/source_maps": "0.10.9", "pub/source_span": "1.7.0", "pub/stack_trace": "1.9.3", "pub/stream_channel": "2.0.0", "pub/string_scanner": "1.0.5", "pub/term_glyph": "1.1.0", "pub/test": "1.8.0", "pub/test_api": "0.2.8", "pub/test_core": "0.2.10", "pub/test_coverage": "0.2.4", "pub/typed_data": "1.1.6", "pub/vm_service": "2.3.1", "pub/vm_service_client": "0.2.6+3", "pub/watcher": "0.9.7+15", "pub/web_socket_channel": "1.1.0", "pub/yaml": "2.2.1"}
{"pub/_fe_analyzer_shared": "3.0.0", "pub/analyzer": "0.39.8", "pub/args": "1.6.0", "pub/async": "2.4.1", "pub/charcode": "1.1.3", "pub/collection": "1.14.12", "pub/convert": "2.1.1", "pub/crypto": "2.1.4", "pub/csslib": "0.16.1", "pub/dart_style": "1.3.6", "pub/glob": "1.2.0", "pub/html": "0.14.0+3", "pub/http": "0.12.1", "pub/http_parser": "3.1.4", "pub/js": "0.6.1+1", "pub/meta": "1.1.8", "pub/node_interop": "1.0.3", "pub/node_io": "1.0.1+2", "pub/package_config": "1.9.3", "pub/path": "1.7.0", "pub/pedantic": "1.9.0", "pub/pub_semver": "1.4.4", "pub/source_span": "1.7.0", "pub/string_scanner": "1.0.5", "pub/term_glyph": "1.1.0", "pub/typed_data": "1.1.6", "pub/watcher": "0.9.7+15", "pub/yaml": "2.2.1"}
{"pub/_fe_analyzer_shared": "3.0.0", "pub/analyzer": "0.39.8", "pub/args": "1.6.0", "pub/async": "2.4.1", "pub/build": "1.2.2", "pub/charcode": "1.1.3", "pub/collection": "1.14.12", "pub/convert": "2.1.1", "pub/crypto": "2.1.4", "pub/csslib": "0.16.1", "pub/glob": "1.2.0", "pub/html": "0.14.0+3", "pub/js": "0.6.1+1", "pub/logging": "0.11.4", "pub/meta": "1.1.8", "pub/node_interop": "1.0.3", "pub/node_io": "1.0.1+2", "pub/package_config": "1.9.3", "pub/path": "1.7.0", "pub/pedantic": "1.9.0", "pub/pub_semver": "1.4.4", "pub/source_span": "1.7.0", "pub/string_scanner": "1.0.5", "pub/term_glyph": "1.1.0", "pub/typed_data": "1.1.6", "pub/watcher": "0.9.7+15", "pub/yaml": "2.2.1"}
-
-
{"pub/charcode": "1.1.3", "pub/collection": "1.14.12", "pub/http_parser": "3.1.4", "pub/meta": "1.1.8", "pub/path": "1.7.0", "pub/pedantic": "1.9.0", "pub/source_span": "1.7.0", "pub/string_scanner": "1.0.5", "pub/term_glyph": "1.1.0", "pub/typed_data": "1.1.6"}
{}
{"pub/_fe_analyzer_shared": "3.0.0", "pub/analyzer": "0.39.8", "pub/args": "1.6.0", "pub/async": "2.4.1", "pub/build": "1.2.2", "pub/build_config": "0.4.2", "pub/charcode": "1.1.3", "pub/checked_yaml": "1.0.2", "pub/collection": "1.14.12", "pub/convert": "2.1.1", "pub/crypto": "2.1.4", "pub/csslib": "0.16.1", "pub/dart_style": "1.3.6", "pub/glob": "1.2.0", "pub/html": "0.14.0+3", "pub/js": "0.6.1+1", "pub/json_annotation": "3.0.1", "pub/logging": "0.11.4", "pub/meta": "1.1.8", "pub/node_interop": "1.0.3", "pub/node_io": "1.0.1+2", "pub/package_config": "1.9.3", "pub/path": "1.7.0", "pub/pedantic": "1.9.0", "pub/pub_semver": "1.4.4", "pub/pubspec_parse": "0.1.5", "pub/source_span": "1.7.0", "pub/string_scanner": "1.0.5", "pub/term_glyph": "1.1.0", "pub/typed_data": "1.1.6", "pub/watcher": "0.9.7+15", "pub/yaml": "2.2.1"}
{"pub/mod97": "0.1.0"}
{"pub/args": "1.6.0", "pub/charcode": "1.1.3", "pub/collection": "1.14.12", "pub/io": "0.3.4", "pub/meta": "1.1.8", "pub/path": "1.7.0", "pub/process_run": "0.10.9", "pub/pub_semver": "1.4.4", "pub/source_span": "1.7.0", "pub/string_scanner": "1.0.5", "pub/term_glyph": "1.1.0", "pub/yaml": "2.2.1"}
{}
{"pub/matcher": "0.12.6", "pub/meta": "1.1.8", "pub/path": "1.7.0", "pub/quiver": "2.1.3", "pub/stack_trace": "1.9.3"}
{"pub/collection": "1.14.12", "pub/fixnum": "0.10.11", "pub/matcher": "0.12.6", "pub/meta": "1.1.8", "pub/path": "1.7.0", "pub/raw": "0.2.0", "pub/stack_trace": "1.9.3"}
{}
{"pub/_fe_analyzer_shared": "3.0.0", "pub/analyzer": "0.39.8", "pub/args": "1.6.0", "pub/async": "2.4.1", "pub/build": "1.2.2", "pub/build_config": "0.4.2", "pub/charcode": "1.1.3", "pub/checked_yaml": "1.0.2", "pub/collection": "1.14.12", "pub/convert": "2.1.1", "pub/crypto": "2.1.4", "pub/csslib": "0.16.1", "pub/dart_style": "1.3.6", "pub/glob": "1.2.0", "pub/html": "0.14.0+3", "pub/http": "0.12.1", "pub/http_parser": "3.1.4", "pub/js": "0.6.1+1", "pub/json_annotation": "3.0.1", "pub/json_serializable": "3.3.0", "pub/logging": "0.11.4", "pub/meta": "1.1.8", "pub/node_interop": "1.0.3", "pub/node_io": "1.0.1+2", "pub/package_config": "1.9.3", "pub/path": "1.7.0", "pub/pedantic": "1.9.0", "pub/pub_semver": "1.4.4", "pub/pubspec_parse": "0.1.5", "pub/source_gen": "0.9.5", "pub/source_span": "1.7.0", "pub/string_scanner": "1.0.5", "pub/term_glyph": "1.1.0", "pub/typed_data": "1.1.6", "pub/watcher": "0.9.7+15", "pub/yaml": "2.2.1"}
{}
{"pub/meta": "1.1.8"}
{}
{"pub/async": "2.4.1", "pub/collection": "1.14.12", "pub/meta": "1.1.8"}
{}
{}
{"pub/charcode": "1.1.3", "pub/collection": "1.14.12", "pub/convert": "2.1.1", "pub/crypto": "2.1.4", "pub/meta": "1.1.8", "pub/mustache4dart2": "0.1.0", "pub/path": "1.7.0", "pub/pip_services3_commons": "1.0.6", "pub/source_span": "1.7.0", "pub/sprintf": "4.0.2", "pub/string_scanner": "1.0.5", "pub/term_glyph": "1.1.0", "pub/typed_data": "1.1.6", "pub/uuid": "2.0.4", "pub/yaml": "2.2.1"}
{"pub/angel_container": "1.1.0", "pub/angel_framework": "2.1.1", "pub/angel_http_exception": "1.1.0", "pub/angel_model": "1.0.3", "pub/angel_route": "3.1.0+1", "pub/async": "2.4.1", "pub/charcode": "1.1.3", "pub/code_buffer": "1.0.1", "pub/collection": "1.14.12", "pub/combinator": "1.1.0", "pub/convert": "2.1.1", "pub/crypto": "2.1.4", "pub/dart2_constant": "1.0.2+dart2", "pub/file": "5.1.0", "pub/fixnum": "0.10.11", "pub/googleapis_auth": "0.2.11+1", "pub/grpc": "2.1.3", "pub/http": "0.12.1", "pub/http2": "1.0.0", "pub/http_parser": "3.1.4", "pub/http_server": "0.9.8+3", "pub/intl": "0.16.1", "pub/logging": "0.11.4", "pub/matcher": "0.12.6", "pub/merge_map": "1.0.2", "pub/meta": "1.1.8", "pub/mime": "0.9.6+3", "pub/mock_request": "1.0.7", "pub/mustache4dart2": "0.1.0", "pub/path": "1.7.0", "pub/pedantic": "1.9.0", "pub/pip_services3_commons": "1.0.6", "pub/pip_services3_components": "1.0.5", "pub/pip_services3_rpc": "1.0.2", "pub/protobuf": "1.0.1", "pub/quiver": "2.1.3", "pub/quiver_hashcode": "2.0.0", "pub/recase": "2.0.1", "pub/source_span": "1.7.0", "pub/sprintf": "4.0.2", "pub/stack_trace": "1.9.3", "pub/string_scanner": "1.0.5", "pub/term_glyph": "1.1.0", "pub/tuple": "1.0.3", "pub/typed_data": "1.1.6", "pub/uuid": "2.0.4", "pub/yaml": "2.2.1"}
{"pub/angel_container": "1.1.0", "pub/angel_framework": "2.1.1", "pub/angel_http_exception": "1.1.0", "pub/angel_model": "1.0.3", "pub/angel_route": "3.1.0+1", "pub/charcode": "1.1.3", "pub/code_buffer": "1.0.1", "pub/collection": "1.14.12", "pub/combinator": "1.1.0", "pub/convert": "2.1.1", "pub/crypto": "2.1.4", "pub/dart2_constant": "1.0.2+dart2", "pub/file": "5.1.0", "pub/http": "0.12.1", "pub/http2": "1.0.0", "pub/http_parser": "3.1.4", "pub/http_server": "0.9.8+3", "pub/intl": "0.16.1", "pub/logging": "0.11.4", "pub/matcher": "0.12.6", "pub/merge_map": "1.0.2", "pub/meta": "1.1.8", "pub/mime": "0.9.6+3", "pub/mock_request": "1.0.7", "pub/mustache4dart2": "0.1.0", "pub/path": "1.7.0", "pub/pedantic": "1.9.0", "pub/pip_services3_commons": "1.0.6", "pub/pip_services3_components": "1.0.5", "pub/pip_services3_rpc": "1.0.2", "pub/quiver": "2.1.3", "pub/quiver_hashcode": "2.0.0", "pub/recase": "2.0.1", "pub/source_span": "1.7.0", "pub/sprintf": "4.0.2", "pub/stack_trace": "1.9.3", "pub/string_scanner": "1.0.5", "pub/term_glyph": "1.1.0", "pub/tuple": "1.0.3", "pub/typed_data": "1.1.6", "pub/uuid": "2.0.4", "pub/yaml": "2.2.1"}
{"pub/angel_container": "1.1.0", "pub/angel_framework": "2.1.1", "pub/angel_http_exception": "1.1.0", "pub/angel_model": "1.0.3", "pub/angel_route": "3.1.0+1", "pub/charcode": "1.1.3", "pub/code_buffer": "1.0.1", "pub/collection": "1.14.12", "pub/combinator": "1.1.0", "pub/convert": "2.1.1", "pub/crypto": "2.1.4", "pub/dart2_constant": "1.0.2+dart2", "pub/file": "5.1.0", "pub/http": "0.12.1", "pub/http2": "1.0.0", "pub/http_parser": "3.1.4", "pub/http_server": "0.9.8+3", "pub/intl": "0.16.1", "pub/logging": "0.11.4", "pub/matcher": "0.12.6", "pub/merge_map": "1.0.2", "pub/meta": "1.1.8", "pub/mime": "0.9.6+3", "pub/mock_request": "1.0.7", "pub/mustache4dart2": "0.1.0", "pub/path": "1.7.0", "pub/pedantic": "1.9.0", "pub/pip_services3_commons": "1.0.6", "pub/pip_services3_components": "1.0.5", "pub/pip_services3_rpc": "1.0.2", "pub/quiver": "2.1.3", "pub/quiver_hashcode": "2.0.0", "pub/recase": "2.0.1", "pub/source_span": "1.7.0", "pub/sprintf": "4.0.2", "pub/stack_trace": "1.9.3", "pub/string_scanner": "1.0.5", "pub/term_glyph": "1.1.0", "pub/tuple": "1.0.3", "pub/typed_data": "1.1.6", "pub/uuid": "2.0.4", "pub/yaml": "2.2.1"}
{}
{}
{"pub/async": "2.4.1", "pub/charcode": "1.1.3", "pub/collection": "1.14.12", "pub/convert": "2.1.1", "pub/dart_rss": "1.0.2+1", "pub/dio": "3.0.9", "pub/http": "0.11.3+17", "pub/http_parser": "3.1.4", "pub/intl": "0.16.1", "pub/meta": "1.1.8", "pub/path": "1.7.0", "pub/petitparser": "3.0.2", "pub/source_span": "1.7.0", "pub/string_scanner": "1.0.5", "pub/term_glyph": "1.1.0", "pub/typed_data": "1.1.6", "pub/xml": "3.7.0"}
{"pub/args": "1.6.0", "pub/charcode": "1.1.3", "pub/collection": "1.14.12", "pub/io": "0.3.4", "pub/meta": "1.1.8", "pub/path": "1.7.0", "pub/pub_semver": "1.4.4", "pub/source_span": "1.7.0", "pub/string_scanner": "1.0.5", "pub/term_glyph": "1.1.0", "pub/yaml": "2.2.1"}
{}
{"pub/charcode": "1.1.3", "pub/collection": "1.14.12", "pub/functional_data": "0.3.0", "pub/json2yaml": "1.0.1", "pub/meta": "1.1.8", "pub/path": "1.7.0", "pub/plain_optional": "0.1.3", "pub/source_span": "1.7.0", "pub/string_scanner": "1.0.5", "pub/sum_types": "0.2.1+2", "pub/term_glyph": "1.1.0", "pub/yaml": "2.2.1"}
{"pub/charcode": "1.1.3", "pub/collection": "1.14.12", "pub/functional_data": "0.3.0", "pub/json2yaml": "1.0.1", "pub/meta": "1.1.8", "pub/path": "1.7.0", "pub/plain_optional": "0.1.3", "pub/source_span": "1.7.0", "pub/string_scanner": "1.0.5", "pub/sum_types": "0.2.1+2", "pub/term_glyph": "1.1.0", "pub/yaml": "2.2.1"}
{"pub/collection": "1.14.12", "pub/fixnum": "0.10.11", "pub/matcher": "0.12.6", "pub/meta": "1.1.8", "pub/path": "1.7.0", "pub/stack_trace": "1.9.3"}
{"pub/charcode": "1.1.3", "pub/collection": "1.14.12", "pub/dio": "3.0.9", "pub/enum_to_string": "1.0.9", "pub/http": "0.12.1", "pub/http_parser": "3.1.4", "pub/io": "0.3.4", "pub/json_annotation": "3.0.1", "pub/logger": "0.8.3", "pub/logging": "0.11.4", "pub/meta": "1.1.8", "pub/path": "1.7.0", "pub/pedantic": "1.9.0", "pub/rxdart": "0.23.1", "pub/socket_io_client": "0.9.9", "pub/socket_io_common": "0.9.1", "pub/source_span": "1.7.0", "pub/string_scanner": "1.0.5", "pub/term_glyph": "1.1.0", "pub/typed_data": "1.1.6"}
-
{"pub/brotli": "0.2.2", "pub/charcode": "1.1.3", "pub/collection": "1.14.12", "pub/convert": "2.1.1", "pub/crypto": "2.1.4", "pub/equatable": "1.1.1", "pub/file": "5.1.0", "pub/fixnum": "0.10.11", "pub/hex": "0.1.2", "pub/http2": "1.0.0", "pub/http_parser": "3.1.4", "pub/intl": "0.16.1", "pub/ip": "0.1.1", "pub/matcher": "0.12.6", "pub/meta": "1.1.8", "pub/mime_type": "0.3.0", "pub/path": "1.7.0", "pub/raw": "0.2.0", "pub/source_span": "1.7.0", "pub/stack_trace": "1.9.3", "pub/string_scanner": "1.0.5", "pub/term_glyph": "1.1.0", "pub/typed_data": "1.1.6", "pub/utf": "0.9.0+5"}
{"pub/event_bus": "1.1.1", "pub/ffi": "0.1.3"}
{}
{"pub/asn1lib": "0.6.4"}
{"pub/meta": "1.1.8"}
{"pub/meta": "1.1.8", "pub/rxdart": "0.24.0"}
{}
{}
{"pub/async": "2.4.1", "pub/charcode": "1.1.3", "pub/collection": "1.14.12", "pub/convert": "2.1.1", "pub/crypto": "2.1.4", "pub/effective_dart": "1.2.1", "pub/equatable": "1.1.1", "pub/logging": "0.11.4", "pub/matcher": "0.12.6", "pub/meta": "1.1.8", "pub/path": "1.7.0", "pub/pedantic": "1.9.0", "pub/quiver": "2.1.3", "pub/rxdart": "0.24.0", "pub/stack_trace": "1.9.3", "pub/stream_channel": "2.0.0", "pub/typed_data": "1.1.6", "pub/web_socket_channel": "1.1.0"}
{"pub/meta": "1.1.8"}
{"pub/args": "1.6.0", "pub/asn1lib": "0.5.15", "pub/charcode": "1.1.3", "pub/clock": "1.0.1", "pub/collection": "1.14.12", "pub/console_cmd": "1.0.5", "pub/convert": "2.1.1", "pub/crypto": "2.1.4", "pub/encrypt": "4.0.0", "pub/meta": "1.1.8", "pub/pointycastle": "1.0.2", "pub/typed_data": "1.1.6"}
{}
{"pub/fixnum": "0.10.11"}
{"pub/analyzer": "0.38.5", "pub/analyzer_plugin": "0.2.1", "pub/archive": "2.0.13", "pub/args": "1.6.0", "pub/async": "2.4.1", "pub/boolean_selector": "2.0.0", "pub/browser_launcher": "0.1.5", "pub/build": "1.2.2", "pub/build_config": "0.4.2", "pub/build_daemon": "2.1.0", "pub/build_resolvers": "1.2.1", "pub/build_runner": "1.9.0", "pub/build_runner_core": "5.1.0", "pub/built_collection": "4.3.2", "pub/built_value": "6.8.2", "pub/built_value_generator": "6.8.2", "pub/charcode": "1.1.3", "pub/checked_yaml": "1.0.2", "pub/code_builder": "3.2.0", "pub/collection": "1.14.12", "pub/completion": "0.2.2", "pub/convert": "2.1.1", "pub/coverage": "0.13.9", "pub/crypto": "2.1.4", "pub/csslib": "0.16.1", "pub/dart_style": "1.3.3", "pub/devtools": "0.1.13", "pub/devtools_server": "0.1.12", "pub/dwds": "0.7.9", "pub/file": "5.1.0", "pub/fixnum": "0.10.11", "pub/front_end": "0.1.27", "pub/glob": "1.2.0", "pub/graphs": "0.2.0", "pub/html": "0.14.0+3", "pub/http": "0.12.1", "pub/http_multi_server": "2.2.0", "pub/http_parser": "3.1.4", "pub/intl": "0.16.1", "pub/io": "0.3.4", "pub/js": "0.6.1+1", "pub/json_annotation": "3.0.1", "pub/json_rpc_2": "2.1.1", "pub/kernel": "0.3.27", "pub/linter": "0.1.101", "pub/logging": "0.11.4", "pub/matcher": "0.12.6", "pub/meta": "1.1.8", "pub/mime": "0.9.6+3", "pub/multicast_dns": "0.2.2", "pub/mustache": "1.1.1", "pub/node_interop": "1.0.3", "pub/node_io": "1.0.1+2", "pub/package_config": "1.9.3", "pub/package_resolver": "1.0.10", "pub/path": "1.7.0", "pub/pedantic": "1.9.0", "pub/petitparser": "3.0.2", "pub/platform": "2.2.1", "pub/plugin": "0.2.0+3", "pub/pool": "1.4.0", "pub/process": "3.0.12", "pub/pub_semver": "1.4.4", "pub/pubspec_parse": "0.1.5", "pub/quiver": "2.1.3", "pub/scratch_space": "0.0.4+2", "pub/shelf": "0.7.5", "pub/shelf_proxy": "0.1.0+7", "pub/shelf_static": "0.2.8", "pub/shelf_web_socket": "0.2.3", "pub/source_gen": "0.9.4+6", "pub/source_maps": "0.10.9", "pub/source_span": "1.7.0", "pub/sse": "2.1.2", "pub/stack_trace": "1.9.3", "pub/stream_channel": "2.0.0", "pub/stream_transform": "0.0.20", "pub/string_scanner": "1.0.5", "pub/term_glyph": "1.1.0", "pub/test_api": "0.2.15", "pub/timing": "0.1.1+2", "pub/typed_data": "1.1.6", "pub/usage": "3.4.1", "pub/uuid": "2.0.4", "pub/vm_service": "1.2.0", "pub/vm_service_client": "0.2.6+3", "pub/watcher": "0.9.7+15", "pub/web_socket_channel": "1.1.0", "pub/webkit_inspection_protocol": "0.5.1", "pub/xml": "3.7.0", "pub/yaml": "2.2.1"}
{}
{"pub/unit": "1.0.1"}
{}
{"pub/buffer": "1.0.6", "pub/charcode": "1.1.3", "pub/collection": "1.14.12", "pub/convert": "2.1.1", "pub/crypto": "2.1.4", "pub/http": "0.12.1", "pub/http_parser": "3.1.4", "pub/intl": "0.16.1", "pub/meta": "1.1.8", "pub/mime": "0.9.6+3", "pub/path": "1.7.0", "pub/pedantic": "1.9.0", "pub/petitparser": "3.0.2", "pub/source_span": "1.7.0", "pub/string_scanner": "1.0.5", "pub/term_glyph": "1.1.0", "pub/typed_data": "1.1.6", "pub/xml": "4.1.0"}
{"pub/charcode": "1.1.3"}
{"pub/charcode": "1.1.3", "pub/collection": "1.14.12", "pub/meta": "1.1.8", "pub/path": "1.7.0", "pub/recase": "3.0.0", "pub/source_span": "1.7.0", "pub/string_scanner": "1.0.5", "pub/term_glyph": "1.1.0", "pub/yaml": "2.2.1"}
{"pub/charcode": "1.1.3", "pub/collection": "1.14.12", "pub/convert": "2.1.1", "pub/crypto": "2.1.4", "pub/event_bus": "1.1.1", "pub/meta": "1.1.8", "pub/path": "1.7.0", "pub/typed_data": "1.1.6"}
{"pub/charcode": "1.1.3", "pub/collection": "1.14.12", "pub/http": "0.12.1", "pub/http_parser": "3.1.4", "pub/meta": "1.1.8", "pub/path": "1.7.0", "pub/pedantic": "1.9.0", "pub/source_span": "1.7.0", "pub/string_scanner": "1.0.5", "pub/term_glyph": "1.1.0", "pub/typed_data": "1.1.6"}
{}
{}
{"pub/_fe_analyzer_shared": "3.0.0", "pub/analyzer": "0.39.8", "pub/args": "1.6.0", "pub/async": "2.4.1", "pub/build": "1.2.2", "pub/charcode": "1.1.3", "pub/collection": "1.14.12", "pub/convert": "2.1.1", "pub/crypto": "2.1.4", "pub/csslib": "0.16.1", "pub/dart_style": "1.3.6", "pub/glob": "1.2.0", "pub/html": "0.14.0+3", "pub/js": "0.6.1+1", "pub/logging": "0.11.4", "pub/meta": "1.1.8", "pub/mutable_copy": "0.2.5", "pub/node_interop": "1.0.3", "pub/node_io": "1.0.1+2", "pub/package_config": "1.9.3", "pub/path": "1.7.0", "pub/pedantic": "1.9.0", "pub/pub_semver": "1.4.4", "pub/source_gen": "0.9.5", "pub/source_span": "1.7.0", "pub/string_scanner": "1.0.5", "pub/term_glyph": "1.1.0", "pub/typed_data": "1.1.6", "pub/watcher": "0.9.7+15", "pub/yaml": "2.2.1"}
{"pub/bip39": "1.0.3", "pub/charcode": "1.1.3", "pub/collection": "1.14.12", "pub/convert": "2.1.1", "pub/crypto": "2.1.4", "pub/fixnum": "0.10.11", "pub/hex": "0.1.2", "pub/pointycastle": "1.0.2", "pub/typed_data": "1.1.6"}
{"pub/analyzer": "0.35.4", "pub/angular": "5.3.1", "pub/angular_ast": "0.5.9", "pub/angular_compiler": "0.4.3", "pub/angular_forms": "2.1.2", "pub/angular_router": "2.0.0-alpha+22", "pub/args": "1.6.0", "pub/async": "2.4.1", "pub/build": "1.2.2", "pub/build_config": "0.4.2", "pub/built_collection": "4.3.2", "pub/built_value": "7.1.0", "pub/charcode": "1.1.3", "pub/checked_yaml": "1.0.2", "pub/code_builder": "3.2.1", "pub/collection": "1.14.12", "pub/convert": "2.1.1", "pub/crypto": "2.1.4", "pub/csslib": "0.14.6+1", "pub/dart_style": "1.2.4", "pub/fixnum": "0.10.11", "pub/front_end": "0.1.14", "pub/glob": "1.2.0", "pub/intl": "0.15.8", "pub/js": "0.6.1+1", "pub/json_annotation": "3.0.1", "pub/kernel": "0.3.14", "pub/logging": "0.11.4", "pub/matcher": "0.12.6", "pub/meta": "1.1.8", "pub/node_interop": "1.0.3", "pub/node_io": "1.0.1+2", "pub/package_config": "1.9.3", "pub/path": "1.7.0", "pub/pedantic": "1.9.0", "pub/pub_semver": "1.4.4", "pub/pubspec_parse": "0.1.5", "pub/quiver": "2.1.3", "pub/source_gen": "0.9.4+4", "pub/source_span": "1.7.0", "pub/stack_trace": "1.9.3", "pub/string_scanner": "1.0.5", "pub/term_glyph": "1.1.0", "pub/typed_data": "1.1.6", "pub/watcher": "0.9.7+15", "pub/yaml": "2.2.1"}
{"pub/_fe_analyzer_shared": "3.0.0", "pub/analyzer": "0.39.8", "pub/args": "1.6.0", "pub/async": "2.4.1", "pub/boolean_selector": "2.0.0", "pub/charcode": "1.1.3", "pub/collection": "1.14.12", "pub/convert": "2.1.1", "pub/coverage": "0.13.9", "pub/crypto": "2.1.4", "pub/csslib": "0.16.1", "pub/glob": "1.2.0", "pub/html": "0.14.0+3", "pub/http": "0.12.1", "pub/http_multi_server": "2.2.0", "pub/http_parser": "3.1.4", "pub/io": "0.3.4", "pub/js": "0.6.1+1", "pub/logging": "0.11.4", "pub/matcher": "0.12.6", "pub/meta": "1.1.8", "pub/mime": "0.9.6+3", "pub/multi_server_socket": "1.0.2", "pub/node_interop": "1.0.3", "pub/node_io": "1.0.1+2", "pub/node_preamble": "1.4.8", "pub/package_config": "1.9.3", "pub/path": "1.7.0", "pub/pedantic": "1.9.0", "pub/pool": "1.4.0", "pub/pub_semver": "1.4.4", "pub/shelf": "0.7.5", "pub/shelf_packages_handler": "2.0.0", "pub/shelf_static": "0.2.8", "pub/shelf_web_socket": "0.2.3", "pub/source_map_stack_trace": "2.0.0", "pub/source_maps": "0.10.9", "pub/source_span": "1.7.0", "pub/stack_trace": "1.9.3", "pub/stream_channel": "2.0.0", "pub/string_scanner": "1.0.5", "pub/term_glyph": "1.1.0", "pub/test": "1.14.3", "pub/test_api": "0.2.15", "pub/test_core": "0.3.4", "pub/typed_data": "1.1.6", "pub/vm_service": "4.0.2", "pub/watcher": "0.9.7+15", "pub/web_socket_channel": "1.1.0", "pub/webkit_inspection_protocol": "0.5.1", "pub/yaml": "2.2.1"}
{}
{"pub/charcode": "1.1.3", "pub/collection": "1.14.12", "pub/convert": "2.1.1", "pub/crypto": "2.1.4", "pub/http": "0.12.1", "pub/http_parser": "3.1.4", "pub/meta": "1.1.8", "pub/path": "1.7.0", "pub/pedantic": "1.9.0", "pub/source_span": "1.7.0", "pub/string_scanner": "1.0.5", "pub/term_glyph": "1.1.0", "pub/typed_data": "1.1.6"}
{"pub/charcode": "1.1.3", "pub/collection": "1.14.12", "pub/convert": "2.1.1", "pub/crypto": "2.1.4", "pub/http": "0.12.1", "pub/http_parser": "3.1.4", "pub/meta": "1.1.8", "pub/path": "1.7.0", "pub/pedantic": "1.9.0", "pub/source_span": "1.7.0", "pub/string_scanner": "1.0.5", "pub/term_glyph": "1.1.0", "pub/typed_data": "1.1.6"}
{"pub/analyzer": "0.38.5", "pub/args": "1.6.0", "pub/async": "2.4.1", "pub/boolean_selector": "2.0.0", "pub/build": "1.2.2", "pub/built_collection": "4.3.2", "pub/built_redux": "7.5.10", "pub/built_value": "7.1.0", "pub/charcode": "1.1.3", "pub/cli_repl": "0.2.0+1", "pub/collection": "1.14.12", "pub/colorize": "2.0.0", "pub/convert": "2.1.1", "pub/coverage": "0.13.9", "pub/crypto": "2.1.4", "pub/csslib": "0.16.1", "pub/dart_style": "1.3.3", "pub/fixnum": "0.10.11", "pub/front_end": "0.1.27", "pub/glob": "1.2.0", "pub/html": "0.14.0+3", "pub/http": "0.12.1", "pub/http_multi_server": "2.2.0", "pub/http_parser": "3.1.4", "pub/intl": "0.16.1", "pub/io": "0.3.4", "pub/js": "0.6.1+1", "pub/kernel": "0.3.27", "pub/logging": "0.11.4", "pub/matcher": "0.12.6", "pub/meta": "1.1.8", "pub/mime": "0.9.6+3", "pub/multi_server_socket": "1.0.2", "pub/node_interop": "1.0.3", "pub/node_io": "1.0.1+2", "pub/node_preamble": "1.4.8", "pub/over_react": "3.5.0", "pub/package_config": "1.9.3", "pub/package_resolver": "1.0.10", "pub/path": "1.7.0", "pub/pedantic": "1.9.0", "pub/platform_detect": "1.4.0", "pub/pool": "1.4.0", "pub/pub_semver": "1.4.4", "pub/quiver": "2.1.3", "pub/react": "5.3.0", "pub/redux": "4.0.0", "pub/redux_dev_tools": "0.5.2", "pub/sass": "1.26.5", "pub/shelf": "0.7.5", "pub/shelf_packages_handler": "2.0.0", "pub/shelf_static": "0.2.8", "pub/shelf_web_socket": "0.2.3", "pub/source_gen": "0.9.4+6", "pub/source_map_stack_trace": "2.0.0", "pub/source_maps": "0.10.9", "pub/source_span": "1.7.0", "pub/stack_trace": "1.9.3", "pub/stream_channel": "2.0.0", "pub/stream_transform": "1.2.0", "pub/string_scanner": "1.0.5", "pub/term_glyph": "1.1.0", "pub/test": "1.14.3", "pub/test_api": "0.2.15", "pub/test_core": "0.3.4", "pub/transformer_utils": "0.2.5", "pub/tuple": "1.0.3", "pub/typed_data": "1.1.6", "pub/vm_service": "4.0.2", "pub/w_common": "1.20.2", "pub/w_flux": "2.10.10", "pub/watcher": "0.9.7+15", "pub/web_socket_channel": "1.1.0", "pub/webkit_inspection_protocol": "0.5.1", "pub/yaml": "2.2.1"}
{"pub/function_tree": "0.6.0", "pub/normal": "0.5.1"}
{"pub/args": "1.6.0", "pub/async": "2.4.1", "pub/charcode": "1.1.3", "pub/checked_yaml": "1.0.2", "pub/cli_util": "0.1.3+2", "pub/collection": "1.14.12", "pub/convert": "2.1.1", "pub/crypto": "2.1.4", "pub/csslib": "0.16.1", "pub/glob": "1.2.0", "pub/html": "0.14.0+3", "pub/http": "0.12.1", "pub/http_parser": "3.1.4", "pub/io": "0.3.4", "pub/js": "0.6.1+1", "pub/json_annotation": "3.0.1", "pub/logging": "0.11.4", "pub/markdown": "2.1.3", "pub/matcher": "0.12.6", "pub/meta": "1.1.8", "pub/node_interop": "1.0.3", "pub/node_io": "1.0.1+2", "pub/package_config": "1.9.3", "pub/path": "1.7.0", "pub/pedantic": "1.9.0", "pub/pool": "1.4.0", "pub/pub_semver": "1.4.4", "pub/pubspec_parse": "0.1.5", "pub/quiver": "2.1.3", "pub/resource": "2.1.6", "pub/retry": "3.0.0+1", "pub/safe_url_check": "1.0.0", "pub/source_span": "1.7.0", "pub/stack_trace": "1.9.3", "pub/string_scanner": "1.0.5", "pub/term_glyph": "1.1.0", "pub/typed_data": "1.1.6", "pub/watcher": "0.9.7+15", "pub/yaml": "2.2.1"}
{"pub/charcode": "1.1.3", "pub/collection": "1.14.12", "pub/dio": "3.0.9", "pub/http_parser": "3.1.4", "pub/io": "0.3.4", "pub/json_annotation": "3.0.1", "pub/logger": "0.8.3", "pub/meta": "1.1.8", "pub/path": "1.7.0", "pub/source_span": "1.7.0", "pub/string_scanner": "1.0.5", "pub/term_glyph": "1.1.0", "pub/typed_data": "1.1.6"}
{"pub/charcode": "1.1.3", "pub/collection": "1.14.12", "pub/hex": "0.1.2", "pub/http": "0.12.1", "pub/http_parser": "3.1.4", "pub/json_annotation": "2.4.0", "pub/matcher": "0.12.6", "pub/meta": "1.1.8", "pub/path": "1.7.0", "pub/pedantic": "1.9.0", "pub/pointycastle": "1.0.2", "pub/quiver": "2.1.3", "pub/source_span": "1.7.0", "pub/stack_trace": "1.9.3", "pub/string_scanner": "1.0.5", "pub/term_glyph": "1.1.0", "pub/typed_data": "1.1.6"}
-
{"pub/analysis_server_lib": "0.1.9", "pub/args": "1.6.0", "pub/charcode": "1.1.3", "pub/cli_util": "0.1.3+2", "pub/collection": "1.14.12", "pub/intl": "0.16.1", "pub/logging": "0.11.4", "pub/meta": "1.1.8", "pub/path": "1.7.0", "pub/source_span": "1.7.0", "pub/string_scanner": "1.0.5", "pub/term_glyph": "1.1.0", "pub/yaml": "2.2.1"}
{}
{}
{}
{"pub/charcode": "1.1.3", "pub/collection": "1.14.12", "pub/csslib": "0.16.1", "pub/html": "0.14.0+3", "pub/meta": "1.1.8", "pub/path": "1.7.0", "pub/source_span": "1.7.0", "pub/term_glyph": "1.1.0"}
{}
{"pub/vy_string_utils": "0.3.3"}
{"pub/async": "2.4.1", "pub/bip32": "1.0.5", "pub/bip39": "1.0.3", "pub/bs58check": "1.0.1", "pub/charcode": "1.1.3", "pub/collection": "1.14.12", "pub/convert": "2.1.1", "pub/crypto": "2.1.4", "pub/decimal": "0.3.5", "pub/gql": "0.12.3", "pub/graphql": "3.0.1", "pub/hex": "0.1.2", "pub/http": "0.12.1", "pub/http_parser": "3.1.4", "pub/isolate": "2.0.3", "pub/json_rpc_2": "2.1.1", "pub/matcher": "0.12.6", "pub/meta": "1.1.8", "pub/mime": "0.9.6+3", "pub/path": "1.7.0", "pub/pedantic": "1.9.0", "pub/pointycastle": "1.0.2", "pub/quiver": "2.1.3", "pub/rational": "0.3.8", "pub/resource": "2.1.6", "pub/rxdart": "0.23.1", "pub/source_span": "1.7.0", "pub/stack_trace": "1.9.3", "pub/stream_channel": "2.0.0", "pub/string_scanner": "1.0.5", "pub/term_glyph": "1.1.0", "pub/typed_data": "1.1.6", "pub/uuid": "2.0.4", "pub/uuid_enhanced": "3.0.2", "pub/web3dart": "1.2.3", "pub/websocket": "0.0.5"}
{"pub/logging": "0.11.4"}
{"pub/meta": "1.1.8"}
{"pub/ffi": "0.1.3"}
{"pub/charcode": "1.1.3", "pub/collection": "1.14.12", "pub/convert": "2.1.1", "pub/crypto": "2.1.4", "pub/http": "0.12.1", "pub/http_parser": "3.1.4", "pub/logging": "0.11.4", "pub/meta": "1.1.8", "pub/path": "1.7.0", "pub/pedantic": "1.9.0", "pub/source_span": "1.7.0", "pub/string_scanner": "1.0.5", "pub/term_glyph": "1.1.0", "pub/typed_data": "1.1.6", "pub/uuid": "2.0.4"}
{"pub/charcode": "1.1.3", "pub/collection": "1.14.12", "pub/http": "0.12.1", "pub/http_parser": "3.1.4", "pub/meta": "1.1.8", "pub/path": "1.7.0", "pub/pedantic": "1.9.0", "pub/source_span": "1.7.0", "pub/string_scanner": "1.0.5", "pub/term_glyph": "1.1.0", "pub/typed_data": "1.1.6"}
{"pub/async": "2.4.1", "pub/collection": "1.14.12"}
{"pub/udp": "3.0.3"}
{"pub/charcode": "1.1.3", "pub/collection": "1.14.12", "pub/meta": "1.1.8", "pub/path": "1.7.0", "pub/source_span": "1.7.0", "pub/string_scanner": "1.0.5", "pub/term_glyph": "1.1.0"}
{}
{"pub/charcode": "1.1.3", "pub/collection": "1.14.12", "pub/freezed_annotation": "0.7.1", "pub/http": "0.12.1", "pub/http_parser": "3.1.4", "pub/json_annotation": "3.0.1", "pub/meta": "1.1.8", "pub/path": "1.7.0", "pub/pedantic": "1.9.0", "pub/source_span": "1.7.0", "pub/string_scanner": "1.0.5", "pub/term_glyph": "1.1.0", "pub/typed_data": "1.1.6"}
{"pub/charcode": "1.1.3", "pub/collection": "1.14.12", "pub/convert": "2.1.1", "pub/crypto": "2.1.4", "pub/matcher": "0.12.6", "pub/meta": "1.1.8", "pub/path": "1.7.0", "pub/quiver": "2.1.3", "pub/stack_trace": "1.9.3", "pub/typed_data": "1.1.6", "pub/uuid": "2.0.4"}
{"pub/meta": "1.1.8"}
{}
{"pub/ansicolor": "1.0.2", "pub/lumberdash": "2.1.1", "pub/meta": "1.1.8"}
{"pub/event_bus": "1.1.1", "pub/intl": "0.16.1", "pub/path": "1.7.0"}
{"pub/collection": "1.14.12", "pub/equatable": "1.1.1", "pub/meta": "1.1.8"}
{"pub/async": "2.4.1", "pub/buffer": "1.0.6", "pub/charcode": "1.1.3", "pub/collection": "1.14.12", "pub/convert": "2.1.1", "pub/crypto": "2.1.4", "pub/logging": "0.11.4", "pub/mysql1": "0.17.1", "pub/path": "1.7.0", "pub/pool": "1.4.0", "pub/postgres": "2.1.1", "pub/sqljocky5": "2.2.1", "pub/stack_trace": "1.9.3", "pub/synchronized": "1.5.3+2", "pub/typed_buffer": "2.2.1", "pub/typed_data": "1.1.6"}
{"pub/args": "1.6.0", "pub/charcode": "1.1.3", "pub/collection": "1.14.12", "pub/io": "0.3.4", "pub/meta": "1.1.8", "pub/path": "1.7.0", "pub/source_span": "1.7.0", "pub/string_scanner": "1.0.5", "pub/term_glyph": "1.1.0", "pub/yaml": "2.2.1"}
{"pub/_fe_analyzer_shared": "3.0.0", "pub/analyzer": "0.39.8", "pub/args": "1.6.0", "pub/async": "2.4.1", "pub/build": "1.2.2", "pub/charcode": "1.1.3", "pub/checked_yaml": "1.0.2", "pub/collection": "1.14.12", "pub/convert": "2.1.1", "pub/crypto": "2.1.4", "pub/csslib": "0.16.1", "pub/dart_style": "1.3.6", "pub/data_state": "0.2.7", "pub/freezed_annotation": "0.7.1", "pub/glob": "1.2.0", "pub/hive": "1.4.1+1", "pub/html": "0.14.0+3", "pub/http": "0.12.1", "pub/http_parser": "3.1.4", "pub/inflection2": "0.4.3", "pub/js": "0.6.1+1", "pub/json_annotation": "3.0.1", "pub/json_api": "3.2.3", "pub/logging": "0.11.4", "pub/meta": "1.1.8", "pub/node_interop": "1.0.3", "pub/node_io": "1.0.1+2", "pub/package_config": "1.9.3", "pub/path": "1.7.0", "pub/pedantic": "1.9.0", "pub/pub_semver": "1.4.4", "pub/pubspec_parse": "0.1.5", "pub/rxdart": "0.24.0", "pub/source_gen": "0.9.5", "pub/source_span": "1.7.0", "pub/state_notifier": "0.4.0", "pub/string_scanner": "1.0.5", "pub/term_glyph": "1.1.0", "pub/typed_data": "1.1.6", "pub/uuid": "2.0.4", "pub/watcher": "0.9.7+15", "pub/yaml": "2.2.1"}
{"pub/archive": "2.0.13", "pub/args": "1.6.0", "pub/charcode": "1.1.3", "pub/collection": "1.14.12", "pub/convert": "2.1.1", "pub/crypto": "2.1.4", "pub/image": "2.1.12", "pub/meta": "1.1.8", "pub/path": "1.7.0", "pub/petitparser": "3.0.2", "pub/source_span": "1.7.0", "pub/string_scanner": "1.0.5", "pub/term_glyph": "1.1.0", "pub/typed_data": "1.1.6", "pub/xml": "3.7.0", "pub/yaml": "2.2.1"}
{"pub/_fe_analyzer_shared": "3.0.0", "pub/analyzer": "0.39.8", "pub/args": "1.6.0", "pub/async": "2.4.1", "pub/boolean_selector": "1.0.5", "pub/charcode": "1.1.3", "pub/checked_yaml": "1.0.2", "pub/collection": "1.14.12", "pub/colorize": "2.0.0", "pub/convert": "2.1.1", "pub/coverage": "0.13.9", "pub/crypto": "2.1.4", "pub/csslib": "0.16.1", "pub/file": "5.1.0", "pub/git": "1.0.1", "pub/glob": "1.2.0", "pub/html": "0.14.0+3", "pub/http": "0.11.3+17", "pub/http_multi_server": "2.2.0", "pub/http_parser": "3.1.4", "pub/intl": "0.16.1", "pub/io": "0.3.4", "pub/js": "0.6.1+1", "pub/json_annotation": "3.0.1", "pub/logging": "0.11.4", "pub/matcher": "0.12.6", "pub/meta": "1.1.8", "pub/mime": "0.9.6+3", "pub/multi_server_socket": "1.0.2", "pub/node_interop": "1.0.3", "pub/node_io": "1.0.1+2", "pub/node_preamble": "1.4.8", "pub/package_config": "1.9.3", "pub/package_resolver": "1.0.10", "pub/path": "1.7.0", "pub/pedantic": "1.9.0", "pub/platform": "2.2.1", "pub/pool": "1.4.0", "pub/pub_semver": "1.4.4", "pub/pubspec_parse": "0.1.5", "pub/quiver": "2.1.3", "pub/shelf": "0.7.5", "pub/shelf_packages_handler": "1.0.4", "pub/shelf_static": "0.2.8", "pub/shelf_web_socket": "0.2.3", "pub/source_map_stack_trace": "1.1.5", "pub/source_maps": "0.10.9", "pub/source_span": "1.7.0", "pub/stack_trace": "1.9.3", "pub/stream_channel": "2.0.0", "pub/string_scanner": "1.0.5", "pub/term_glyph": "1.1.0", "pub/test": "1.11.1", "pub/test_api": "0.2.13", "pub/test_core": "0.2.18", "pub/typed_data": "1.1.6", "pub/uuid": "2.0.4", "pub/vm_service": "2.3.1", "pub/watcher": "0.9.7+15", "pub/web_socket_channel": "1.1.0", "pub/yaml": "2.2.1"}
{"pub/archive": "2.0.13", "pub/args": "1.6.0", "pub/charcode": "1.1.3", "pub/collection": "1.14.12", "pub/color": "2.1.1", "pub/convert": "2.1.1", "pub/crypto": "2.1.4", "pub/image": "2.1.12", "pub/meta": "1.1.8", "pub/path": "1.7.0", "pub/petitparser": "3.0.2", "pub/source_span": "1.7.0", "pub/string_scanner": "1.0.5", "pub/term_glyph": "1.1.0", "pub/typed_data": "1.1.6", "pub/xml": "3.7.0", "pub/yaml": "2.2.1"}
{"pub/charcode": "1.1.3", "pub/collection": "1.14.12", "pub/dio": "3.0.9", "pub/http_parser": "3.1.4", "pub/meta": "1.1.8", "pub/path": "1.7.0", "pub/source_span": "1.7.0", "pub/string_scanner": "1.0.5", "pub/term_glyph": "1.1.0", "pub/typed_data": "1.1.6"}
{"pub/dfunc": "0.3.4", "pub/matcher": "0.12.6", "pub/meta": "1.1.8", "pub/path": "1.7.0", "pub/quiver": "2.1.3", "pub/stack_trace": "1.9.3"}
{"pub/_discoveryapis_commons": "0.1.9", "pub/charcode": "1.1.3", "pub/collection": "1.14.12", "pub/googleapis": "0.54.0", "pub/http": "0.12.1", "pub/http_parser": "3.1.4", "pub/meta": "1.1.8", "pub/path": "1.7.0", "pub/pedantic": "1.9.0", "pub/source_span": "1.7.0", "pub/string_scanner": "1.0.5", "pub/term_glyph": "1.1.0", "pub/typed_data": "1.1.6"}
{"pub/async": "2.4.1", "pub/collection": "1.14.12", "pub/meta": "1.1.8"}
-
{"pub/async": "2.4.1", "pub/charcode": "1.1.3", "pub/collection": "1.14.12", "pub/convert": "2.1.1", "pub/crypto": "2.1.4", "pub/fixnum": "0.10.11", "pub/googleapis_auth": "0.2.11+1", "pub/grpc": "2.1.3", "pub/http": "0.12.1", "pub/http2": "1.0.0", "pub/http_parser": "3.1.4", "pub/meta": "1.1.8", "pub/path": "1.7.0", "pub/pedantic": "1.9.0", "pub/protobuf": "1.0.1", "pub/source_span": "1.7.0", "pub/string_scanner": "1.0.5", "pub/term_glyph": "1.1.0", "pub/typed_data": "1.1.6"}
{"pub/_discoveryapis_commons": "0.1.9", "pub/charcode": "1.1.3", "pub/collection": "1.14.12", "pub/convert": "2.1.1", "pub/crypto": "2.1.4", "pub/googleapis": "0.54.0", "pub/googleapis_auth": "0.2.11+1", "pub/http": "0.12.1", "pub/http_parser": "3.1.4", "pub/meta": "1.1.8", "pub/path": "1.7.0", "pub/pedantic": "1.9.0", "pub/source_span": "1.7.0", "pub/string_scanner": "1.0.5", "pub/term_glyph": "1.1.0", "pub/typed_data": "1.1.6"}
{}
{"pub/args": "1.6.0", "pub/async": "2.4.1", "pub/charcode": "1.1.3", "pub/cli_repl": "0.2.0+1", "pub/collection": "1.14.12", "pub/http": "0.12.1", "pub/http_parser": "3.1.4", "pub/js": "0.6.1+1", "pub/matcher": "0.12.6", "pub/meta": "1.1.8", "pub/package_config": "1.9.3", "pub/package_resolver": "1.0.10", "pub/path": "1.7.0", "pub/pedantic": "1.9.0", "pub/quiver": "2.1.3", "pub/source_maps": "0.10.9", "pub/source_span": "1.7.0", "pub/stack_trace": "1.9.3", "pub/stream_transform": "1.2.0", "pub/string_scanner": "1.0.5", "pub/term_glyph": "1.1.0", "pub/tuple": "1.0.3", "pub/typed_data": "1.1.6", "pub/watcher": "0.9.7+15"}
{"pub/charcode": "1.1.3", "pub/collection": "1.14.12", "pub/io": "0.3.4", "pub/meta": "1.1.8", "pub/mustache": "1.1.1", "pub/path": "1.7.0", "pub/prompts": "1.3.1", "pub/source_span": "1.7.0", "pub/string_scanner": "1.0.5", "pub/term_glyph": "1.1.0"}
{"pub/charcode": "1.1.3", "pub/collection": "1.14.12", "pub/convert": "2.1.1", "pub/crypto": "2.1.4", "pub/dio": "3.0.9", "pub/http_parser": "3.1.4", "pub/json_annotation": "3.0.1", "pub/meta": "1.1.8", "pub/path": "1.7.0", "pub/petitparser": "3.0.2", "pub/source_span": "1.7.0", "pub/string_scanner": "1.0.5", "pub/term_glyph": "1.1.0", "pub/typed_data": "1.1.6", "pub/xml": "4.1.0"}
{"pub/charcode": "1.1.3", "pub/collection": "1.14.12", "pub/http": "0.12.1", "pub/http_parser": "3.1.4", "pub/meta": "1.1.8", "pub/path": "1.7.0", "pub/pedantic": "1.9.0", "pub/source_span": "1.7.0", "pub/string_scanner": "1.0.5", "pub/term_glyph": "1.1.0", "pub/typed_data": "1.1.6"}
{}
{"pub/async": "2.4.1", "pub/charcode": "1.1.3", "pub/collection": "1.14.12", "pub/convert": "2.1.1", "pub/crypto": "2.1.4", "pub/http": "0.12.1", "pub/http_parser": "3.1.4", "pub/logging": "0.11.4", "pub/matcher": "0.12.6", "pub/meta": "1.1.8", "pub/path": "1.7.0", "pub/pedantic": "1.9.0", "pub/quiver": "2.1.3", "pub/source_span": "1.7.0", "pub/sse_client": "0.0.3", "pub/stack_trace": "1.9.3", "pub/stream_channel": "2.0.0", "pub/string_scanner": "1.0.5", "pub/term_glyph": "1.1.0", "pub/tuple": "1.0.3", "pub/typed_data": "1.1.6", "pub/web_socket_channel": "1.1.0"}
{"pub/charcode": "1.1.3", "pub/convert": "2.1.1", "pub/typed_data": "1.1.6"}
{"pub/charcode": "1.1.3", "pub/collection": "1.14.12", "pub/convert": "2.1.1", "pub/crypto": "2.1.4", "pub/http": "0.12.1", "pub/http_parser": "3.1.4", "pub/json_annotation": "3.0.1", "pub/meta": "1.1.8", "pub/oauth2": "1.6.0", "pub/path": "1.7.0", "pub/pedantic": "1.9.0", "pub/source_span": "1.7.0", "pub/string_scanner": "1.0.5", "pub/term_glyph": "1.1.0", "pub/typed_data": "1.1.6"}
-
{"pub/async": "2.4.1", "pub/charcode": "1.1.3", "pub/collection": "1.14.12", "pub/convert": "2.1.1", "pub/crypto": "2.1.4", "pub/http_parser": "3.1.4", "pub/logging": "0.11.4", "pub/meta": "1.1.8", "pub/path": "1.7.0", "pub/pedantic": "1.9.0", "pub/shelf": "0.7.5", "pub/source_span": "1.7.0", "pub/stack_trace": "1.9.3", "pub/stream_channel": "2.0.0", "pub/string_scanner": "1.0.5", "pub/term_glyph": "1.1.0", "pub/typed_data": "1.1.6", "pub/uuid": "2.0.4"}
{"pub/async": "2.4.1", "pub/charcode": "1.1.3", "pub/collection": "1.14.12", "pub/http": "0.12.1", "pub/http_parser": "3.1.4", "pub/meta": "1.1.8", "pub/path": "1.7.0", "pub/pedantic": "1.9.0", "pub/source_span": "1.7.0", "pub/stream_channel": "2.0.0", "pub/string_scanner": "1.0.5", "pub/term_glyph": "1.1.0", "pub/typed_data": "1.1.6"}
{}
{}
{"pub/charcode": "1.1.3", "pub/collection": "1.14.12", "pub/convert": "2.1.1", "pub/crypto": "2.1.4", "pub/http": "0.12.1", "pub/http_parser": "3.1.4", "pub/meta": "1.1.8", "pub/password_hash": "2.0.0", "pub/path": "1.7.0", "pub/pedantic": "1.9.0", "pub/source_span": "1.7.0", "pub/string_scanner": "1.0.5", "pub/term_glyph": "1.1.0", "pub/typed_data": "1.1.6"}
{"pub/file_utils": "0.1.4", "pub/globbing": "0.3.1", "pub/path": "1.7.0"}
{"pub/async": "2.4.1", "pub/base32": "1.1.1", "pub/charcode": "1.1.3", "pub/collection": "1.14.12", "pub/convert": "2.1.1", "pub/crypto": "2.1.4", "pub/cryptoutils": "0.4.0", "pub/fixnum": "0.10.11", "pub/googleapis_auth": "0.2.11+1", "pub/grpc": "2.1.3", "pub/http": "0.12.1", "pub/http2": "1.0.0", "pub/http_parser": "3.1.4", "pub/meta": "1.1.8", "pub/path": "1.7.0", "pub/pedantic": "1.9.0", "pub/protobuf": "1.0.1", "pub/source_span": "1.7.0", "pub/string_scanner": "1.0.5", "pub/term_glyph": "1.1.0", "pub/threads_client_grpc": "0.1.15", "pub/typed_data": "1.1.6", "pub/uuid": "2.0.4"}
{"pub/path": "1.7.0"}
{"pub/charcode": "1.1.3", "pub/collection": "1.14.12", "pub/colorize": "2.0.0", "pub/http": "0.12.1", "pub/http_parser": "3.1.4", "pub/meta": "1.1.8", "pub/path": "1.7.0", "pub/pedantic": "1.9.0", "pub/source_span": "1.7.0", "pub/string_scanner": "1.0.5", "pub/term_glyph": "1.1.0", "pub/typed_data": "1.1.6"}
{"pub/charcode": "1.1.3", "pub/collection": "1.14.12", "pub/csslib": "0.16.1", "pub/html": "0.14.0+3", "pub/http": "0.12.1", "pub/http_parser": "3.1.4", "pub/meta": "1.1.8", "pub/path": "1.7.0", "pub/pedantic": "1.9.0", "pub/source_span": "1.7.0", "pub/string_scanner": "1.0.5", "pub/term_glyph": "1.1.0", "pub/typed_data": "1.1.6"}
{}
